2.400000000000000E+009,1.579338014125824E-001,6.244194135069847E-002,-1.712019002297893E-004,-1.032150932587683E-003,
2.400166666666667E+009,1.577716022729874E-001,6.087132915854454E-002,8.264103962574154E-005,-9.287812863476574E-004,
2.400333333333334E+009,1.578192114830017E-001,5.887464061379433E-002,4.297610939829610E-005,-1.169797033071518E-003,
2.400500000000000E+009,1.579320132732391E-001,5.691522732377052E-002,-4.589102172758430E-005,-9.392998763360083E-004,
2.400666666666667E+009,1.577806621789932E-001,5.510973557829857E-002,-6.602075882256031E-005,-1.004711724817753E-003,
2.400833333333334E+009,1.579450070858002E-001,5.315819382667542E-002,3.874021422234364E-005,-1.094180392101407E-003,
2.401000000000000E+009,1.578067839145660E-001,5.097955837845802E-002,5.098512701806612E-005,-1.068620244041085E-003,
2.401166666666667E+009,1.582500189542770E-001,4.903279244899750E-002,1.047184850904159E-004,-9.996560402214527E-004,
2.401333333333334E+009,1.584585011005402E-001,4.678739234805107E-002,1.601724361535162E-004,-1.175136654637754E-003,
2.401500000000000E+009,1.588110625743866E-001,4.468742012977600E-002,1.859414078353439E-005,-1.043821917846799E-003,
2.401666666666667E+009,1.592984795570374E-001,4.298789799213409E-002,5.300950215314515E-005,-1.126815564930439E-003,
2.401833333333334E+009,1.596487611532211E-001,4.072757065296173E-002,1.330858212895691E-004,-1.222970662638545E-003,
2.402000000000000E+009,1.600285619497299E-001,3.881680220365524E-002,7.874803122831509E-005,-1.150530879385769E-003,
2.402166666666667E+009,1.604427993297577E-001,3.669349476695061E-002,1.779619051376358E-004,-1.198797835968435E-003,
2.402333333333334E+009,1.610940396785736E-001,3.498502075672150E-002,2.055672084679827E-004,-1.162358210422099E-003,
2.402500000000000E+009,1.620006710290909E-001,3.312950953841209E-002,2.340469654882327E-004,-1.239122822880745E-003,
2.402666666666667E+009,1.624771207571030E-001,3.137445449829102E-002,2.070076880045235E-004,-1.214931369759142E-003,
2.402833333333334E+009,1.634027808904648E-001,2.964922972023487E-002,2.509881160221994E-004,-1.251656678505242E-003,
2.403000000000000E+009,1.640292406082153E-001,2.822821773588657E-002,1.839334145188332E-004,-1.423191162757576E-003,
2.403166666666667E+009,1.648640036582947E-001,2.663271501660347E-002,1.669135526753962E-004,-1.288969651795924E-003,
2.403333333333334E+009,1.659130156040192E-001,2.517314627766609E-002,2.429494634270668E-004,-1.435630721971393E-003,
2.403500000000000E+009,1.666965037584305E-001,2.359223924577236E-002,3.543625643942505E-004,-1.419892883859575E-003,
2.403666666666667E+009,1.676578968763351E-001,2.219651080667973E-002,1.383598864777014E-004,-1.526418025605381E-003,
2.403833333333334E+009,1.685796827077866E-001,2.098395116627216E-002,1.879127812571824E-004,-1.516904565505683E-003,
2.404000000000000E+009,1.695938855409622E-001,1.987694390118122E-002,3.390937054064125E-004,-1.737129176035523E-003,
2.404166666666667E+009,1.707704812288284E-001,1.866704970598221E-002,3.157503961119801E-004,-1.924830954521895E-003,
2.404333333333334E+009,1.715325117111206E-001,1.778951101005077E-002,1.189886970678344E-004,-1.713641686365008E-003,
2.404500000000000E+009,1.724049448966980E-001,1.680582575500011E-002,8.122851431835443E-005,-1.923343981616199E-003,
2.404666666666667E+009,1.733569204807282E-001,1.604338176548481E-002,2.297681785421446E-004,-1.906144199892879E-003,
2.404833333333334E+009,1.742462664842606E-001,1.524926442652941E-002,-1.336984132649377E-005,-2.004066947847605E-003,
2.405000000000000E+009,1.752782911062241E-001,1.438841130584478E-002,1.888567385321949E-005,-2.100401790812612E-003,
2.405166666666667E+009,1.758008748292923E-001,1.392979267984629E-002,2.793343810481019E-005,-2.453050576150417E-003,
2.405333333333334E+009,1.767237335443497E-001,1.328168530017138E-002,3.742334229173139E-005,-2.434442751109600E-003,
2.405500000000000E+009,1.775337904691696E-001,1.282657403498888E-002,-2.284510410390794E-004,-2.522366587072611E-003,
2.405666666666667E+009,1.781207323074341E-001,1.237642858177424E-002,-3.680205263663083E-004,-2.609059214591980E-003,
2.405833333333334E+009,1.784922033548355E-001,1.199257373809815E-002,-4.600966058205813E-004,-2.692087786272168E-003,
2.406000000000000E+009,1.791586428880692E-001,1.151059102267027E-002,-6.968195084482431E-004,-2.811909653246403E-003,
2.406166666666667E+009,1.794756352901459E-001,1.134487334638834E-002,-8.976203971542418E-004,-2.755003981292248E-003,
2.406333333333334E+009,1.800913661718369E-001,1.088341139256954E-002,-8.437696378678083E-004,-2.749164588749409E-003,
2.406500000000000E+009,1.802376061677933E-001,1.066809985786676E-002,-1.139891566708684E-003,-2.772783394902945E-003,
2.406666666666667E+009,1.802536398172379E-001,1.047437172383070E-002,-1.326968776993454E-003,-2.878264756873250E-003,
2.406833333333334E+009,1.805145889520645E-001,1.012114156037569E-002,-1.320310751907527E-003,-2.870838623493910E-003,
2.407000000000000E+009,1.806676089763641E-001,9.622308425605297E-003,-1.546066720038652E-003,-2.785633550956845E-003,
2.407166666666667E+009,1.806727498769760E-001,9.396416135132313E-003,-1.784233725629747E-003,-2.759914379566908E-003,
2.407333333333334E+009,1.805639863014221E-001,8.896324783563614E-003,-1.859095995314419E-003,-2.778065158054233E-003,
2.407500000000000E+009,1.803029030561447E-001,8.544311858713627E-003,-2.097281161695719E-003,-2.665563486516476E-003,
2.407666666666667E+009,1.801037788391113E-001,8.110226131975651E-003,-2.139742253348231E-003,-2.595228375867009E-003,
2.407833333333334E+009,1.796419471502304E-001,7.482001092284918E-003,-2.242538612335920E-003,-2.473207889124751E-003,
2.408000000000000E+009,1.793226003646851E-001,6.824423093348742E-003,-2.427298808470368E-003,-2.584167057648301E-003,
2.408166666666667E+009,1.788383871316910E-001,6.317628547549248E-003,-2.614214783534408E-003,-2.547393320128322E-003,
2.408333333333334E+009,1.785256117582321E-001,5.554764531552792E-003,-2.661940874531865E-003,-2.292504999786615E-003,
2.408500000000000E+009,1.779431402683258E-001,4.562062676995993E-003,-2.869352465495467E-003,-2.238680841401219E-003,
2.408666666666667E+009,1.773975789546967E-001,3.676143242046237E-003,-2.917573787271977E-003,-2.139549935236573E-003,
2.408833333333334E+009,1.766323149204254E-001,2.721004420891404E-003,-3.104580566287041E-003,-2.025966765359044E-003,
2.409000000000000E+009,1.760259270668030E-001,1.790772192180157E-003,-3.158230567350984E-003,-1.949480734765530E-003,
2.409166666666667E+009,1.753191053867340E-001,4.253720398992300E-004,-3.234593197703362E-003,-1.972261583432555E-003,
2.409333333333334E+009,1.746811270713806E-001,-7.425791700370610E-004,-3.342405194416642E-003,-1.743980217725039E-003,
2.409500000000000E+009,1.739555895328522E-001,-2.261644462123513E-003,-3.254983806982637E-003,-1.679329900071025E-003,
2.409666666666667E+009,1.732536554336548E-001,-3.515394637361169E-003,-3.332051681354642E-003,-1.496913610026240E-003,
2.409833333333334E+009,1.724763661623001E-001,-4.981436766684055E-003,-3.560333978384733E-003,-1.490542781539261E-003,
2.410000000000000E+009,1.719783544540405E-001,-6.440040655434132E-003,-3.632726380601525E-003,-1.321546849794686E-003,
2.410166666666667E+009,1.713566035032272E-001,-8.077403530478478E-003,-3.663877723738551E-003,-1.167127047665417E-003,
2.410333333333334E+009,1.706815659999847E-001,-9.780588559806347E-003,-3.840657882392407E-003,-1.020300202071667E-003,
2.410500000000000E+009,1.702184528112412E-001,-1.144894585013390E-002,-3.790823509916663E-003,-1.059859525412321E-003,
2.410666666666667E+009,1.695894598960877E-001,-1.346932910382748E-002,-3.972073085606098E-003,-6.421051803044975E-004,
2.410833333333334E+009,1.692630648612976E-001,-1.517856772989035E-002,-3.918741364032030E-003,-7.877923198975623E-004,
2.411000000000000E+009,1.688049733638763E-001,-1.686017774045467E-002,-4.091870505362749E-003,-5.379324429668486E-004,
2.411166666666667E+009,1.684814393520355E-001,-1.899257861077786E-002,-4.074411466717720E-003,-4.164880665484816E-004,
2.411333333333334E+009,1.682004183530808E-001,-2.079308032989502E-002,-4.168628249317408E-003,-2.563487796578556E-004,
2.411500000000000E+009,1.680184006690979E-001,-2.282147482037544E-002,-4.192544613033533E-003,-8.178901771316305E-005,
2.411666666666667E+009,1.681220978498459E-001,-2.473110705614090E-002,-4.369587637484074E-003,-2.250928810099140E-005,
2.411833333333334E+009,1.678998917341232E-001,-2.660565078258514E-002,-4.255624953657389E-003,1.817389565985650E-004,
2.412000000000000E+009,1.683072447776794E-001,-2.852583490312100E-002,-4.428258165717125E-003,3.301808319520205E-004,
2.412166666666667E+009,1.682484447956085E-001,-3.059546276926994E-002,-4.500498063862324E-003,6.158640608191490E-004,
2.412333333333334E+009,1.686695218086243E-001,-3.235687315464020E-002,-4.497949499636889E-003,7.911521825008094E-004,
2.412500000000000E+009,1.687728017568588E-001,-3.424271568655968E-002,-4.578393418341875E-003,9.478410356678069E-004,
2.412666666666667E+009,1.689249426126480E-001,-3.637344762682915E-002,-4.385960288345814E-003,1.208517584018409E-003,
2.412833333333334E+009,1.694728732109070E-001,-3.801690414547920E-002,-4.553982522338629E-003,1.368505414575338E-003,
2.413000000000000E+009,1.698383241891861E-001,-3.980591520667076E-002,-4.533635452389717E-003,1.495348406024277E-003,
2.413166666666667E+009,1.702318638563156E-001,-4.154403880238533E-002,-4.642786458134651E-003,1.692811842076480E-003,
2.413333333333334E+009,1.707509756088257E-001,-4.319692403078079E-002,-4.436208400875330E-003,2.019640756770968E-003,
2.413500000000000E+009,1.715013086795807E-001,-4.464852437376976E-002,-4.457315895706415E-003,2.226746175438166E-003,
2.413666666666667E+009,1.719597429037094E-001,-4.637246578931809E-002,-4.361246246844530E-003,2.439942676573992E-003,
2.413833333333334E+009,1.725284904241562E-001,-4.777564853429794E-002,-4.288347437977791E-003,2.770611550658941E-003,
2.414000000000000E+009,1.728820502758026E-001,-4.933929815888405E-002,-4.136825446039438E-003,2.850852673873305E-003,
2.414166666666667E+009,1.735097467899323E-001,-5.043346434831619E-002,-3.912555985152721E-003,3.139571752399206E-003,
2.414333333333334E+009,1.742455661296845E-001,-5.174205452203751E-002,-3.931228071451187E-003,3.159489249810576E-003,
2.414500000000000E+009,1.748841404914856E-001,-5.288740992546082E-002,-3.795981174334884E-003,3.400631481781602E-003,
2.414666666666667E+009,1.753827035427094E-001,-5.382094159722328E-002,-3.587294369935989E-003,3.551991656422615E-003,
2.414833333333334E+009,1.757393181324005E-001,-5.484835430979729E-002,-3.476420883089304E-003,3.850977635011077E-003,
2.415000000000000E+009,1.762423962354660E-001,-5.562544241547585E-002,-3.326741745695472E-003,3.972219303250313E-003,
2.415166666666667E+009,1.765706688165665E-001,-5.651837959885597E-002,-3.073118394240737E-003,4.164940677583218E-003,
2.415333333333334E+009,1.771086305379868E-001,-5.719749629497528E-002,-3.019403200596571E-003,4.105636849999428E-003,
2.415500000000000E+009,1.773839592933655E-001,-5.769746750593185E-002,-2.788290847092867E-003,4.167640116065741E-003,
2.415666666666667E+009,1.777347177267075E-001,-5.824406817555428E-002,-2.481134375557303E-003,4.447097890079022E-003,
2.415833333333334E+009,1.778544485569000E-001,-5.882579460740089E-002,-2.538878703489900E-003,4.707658197730780E-003,
2.416000000000000E+009,1.778948009014130E-001,-5.916445329785347E-002,-2.272305078804493E-003,4.702349659055471E-003,
2.416166666666667E+009,1.780426502227783E-001,-5.952398478984833E-002,-2.015784615650773E-003,4.719065036624670E-003,
2.416333333333334E+009,1.779932528734207E-001,-5.989093706011772E-002,-1.870950334705412E-003,4.783986601978540E-003,
2.416500000000000E+009,1.778286546468735E-001,-6.016507744789124E-002,-1.590576372109354E-003,5.027452949434519E-003,
2.416666666666667E+009,1.777305603027344E-001,-6.036075949668884E-002,-1.400408800691366E-003,4.960862454026938E-003,
2.416833333333334E+009,1.775278747081757E-001,-6.070055812597275E-002,-1.249725231900811E-003,5.008707754313946E-003,
2.417000000000000E+009,1.769962459802628E-001,-6.090964376926422E-002,-9.162747883237898E-004,5.059781484305859E-003,
2.417166666666667E+009,1.764596998691559E-001,-6.098022684454918E-002,-7.303582387976348E-004,5.109841469675303E-003,
2.417333333333334E+009,1.760194897651672E-001,-6.109283119440079E-002,-6.116825388744474E-004,5.073470063507557E-003,
2.417500000000000E+009,1.752499341964722E-001,-6.154098734259605E-002,-4.517243651207537E-004,5.029161460697651E-003,
2.417666666666667E+009,1.746868044137955E-001,-6.167628243565559E-002,-2.162482269341126E-004,5.132127553224564E-003,
2.417833333333334E+009,1.738895475864410E-001,-6.183830276131630E-002,-1.106017953134142E-004,5.029619205743074E-003,
2.418000000000000E+009,1.728175729513168E-001,-6.228709220886231E-002,3.666052652988583E-004,5.209893453866243E-003,
2.418166666666667E+009,1.719296425580978E-001,-6.244081258773804E-002,3.153019351884723E-004,5.065558943897486E-003,
2.418333333333334E+009,1.712160855531693E-001,-6.295490264892578E-002,5.017162184230983E-004,5.100488662719727E-003,
2.418500000000000E+009,1.699700504541397E-001,-6.329595297574997E-002,7.996066124178469E-004,5.038563162088394E-003,
2.418666666666667E+009,1.689504086971283E-001,-6.385922431945801E-002,9.028057102113962E-004,5.099907983094454E-003,
2.418833333333334E+009,1.677803397178650E-001,-6.447127461433411E-002,1.151879900135100E-003,4.982631187886000E-003,
2.419000000000000E+009,1.664394289255142E-001,-6.505179405212402E-002,1.298708608374000E-003,4.975456744432449E-003,
2.419166666666667E+009,1.653142571449280E-001,-6.573815643787384E-002,1.544752158224583E-003,4.959429148584604E-003,
2.419333333333334E+009,1.638352274894714E-001,-6.628561019897461E-002,1.685759634710848E-003,4.726079758256674E-003,
2.419500000000000E+009,1.628641039133072E-001,-6.728258728981018E-002,1.916144159622490E-003,5.009017884731293E-003,
2.419666666666667E+009,1.617047041654587E-001,-6.825441122055054E-002,2.033432247117162E-003,4.767393693327904E-003,
2.419833333333334E+009,1.603755652904511E-001,-6.911171227693558E-002,2.282665576785803E-003,4.749577026814222E-003,
2.420000000000000E+009,1.594430208206177E-001,-7.021642476320267E-002,2.362672705203295E-003,4.559294786304236E-003,
2.420166666666667E+009,1.582300066947937E-001,-7.122872024774551E-002,2.415347145870328E-003,4.417290911078453E-003,
2.420333333333334E+009,1.570528447628021E-001,-7.256993651390076E-002,2.722031669691205E-003,4.339922685176134E-003,
2.420500000000000E+009,1.563065350055695E-001,-7.373050600290299E-002,2.833476755768061E-003,4.374623764306307E-003,
2.420666666666667E+009,1.550519764423370E-001,-7.498523592948914E-002,2.894978737458587E-003,4.166102036833763E-003,
2.420833333333334E+009,1.541744470596314E-001,-7.660691440105438E-002,3.189600072801113E-003,3.988157957792282E-003,
2.421000000000000E+009,1.532413959503174E-001,-7.794721424579620E-002,3.351669060066342E-003,3.891872940585017E-003,
2.421166666666667E+009,1.526106297969818E-001,-7.961134612560272E-002,3.573241177946329E-003,3.855664748698473E-003,
2.421333333333334E+009,1.520472317934036E-001,-8.111959695816040E-002,3.519683377817273E-003,3.695257706567645E-003,
2.421500000000000E+009,1.513158679008484E-001,-8.274605870246887E-002,3.803641069680452E-003,3.527801018208265E-003,
2.421666666666667E+009,1.508554965257645E-001,-8.434174954891205E-002,3.919907845556736E-003,3.424777183681727E-003,
2.421833333333334E+009,1.503656804561615E-001,-8.609101176261902E-002,3.892609849572182E-003,3.288426203653216E-003,
2.422000000000000E+009,1.499190032482147E-001,-8.775312453508377E-002,4.055620636790991E-003,3.081197617575526E-003,
2.422166666666667E+009,1.495690643787384E-001,-8.955232799053192E-002,4.237720742821693E-003,2.990405308082700E-003,
2.422333333333334E+009,1.494963467121124E-001,-9.121826291084290E-002,4.325226880609989E-003,2.689226064831018E-003,
2.422500000000000E+009,1.494713872671127E-001,-9.285124391317368E-002,4.397040698677301E-003,2.411738969385624E-003,
2.422666666666667E+009,1.492599397897720E-001,-9.454880654811859E-002,4.501005634665489E-003,2.317548030987382E-003,
2.422833333333334E+009,1.494010388851166E-001,-9.630709886550903E-002,4.505056887865067E-003,2.225335687398911E-003,
2.423000000000000E+009,1.494480222463608E-001,-9.792709350585938E-002,4.595903679728508E-003,2.062364015728235E-003,
2.423166666666667E+009,1.497868895530701E-001,-9.966638684272766E-002,4.625968169420958E-003,1.991347409784794E-003,
2.423333333333334E+009,1.500667929649353E-001,-1.010991334915161E-001,4.815912805497646E-003,1.702066976577044E-003,
2.423500000000000E+009,1.503443866968155E-001,-1.026779115200043E-001,4.845980554819107E-003,1.508013112470508E-003,
2.423666666666667E+009,1.504554897546768E-001,-1.042815521359444E-001,4.857086576521397E-003,1.455841935239732E-003,
2.423833333333334E+009,1.510253101587296E-001,-1.057930067181587E-001,4.911693744361401E-003,1.020091236568987E-003,
2.424000000000000E+009,1.513745039701462E-001,-1.070407181978226E-001,4.972017370164394E-003,9.315176866948605E-004,
2.424166666666667E+009,1.517423391342163E-001,-1.082996577024460E-001,5.004824139177799E-003,5.957061657682061E-004,
2.424333333333334E+009,1.523864269256592E-001,-1.093628033995628E-001,5.072935950011015E-003,5.049366154707968E-004,
2.424500000000000E+009,1.528754681348801E-001,-1.106161996722221E-001,5.111824721097946E-003,2.750890562310815E-004,
2.424666666666667E+009,1.534983813762665E-001,-1.114770025014877E-001,5.035126116126776E-003,1.772420655470341E-004,
2.424833333333334E+009,1.537569761276245E-001,-1.126597151160240E-001,4.972414579242468E-003,2.485222239556606E-006,
2.425000000000000E+009,1.543534398078919E-001,-1.135607957839966E-001,5.017681047320366E-003,-3.409646160434932E-004,
2.425166666666667E+009,1.545471101999283E-001,-1.142757013440132E-001,5.043355748057365E-003,-6.353615899570286E-004,
2.425333333333334E+009,1.550728231668472E-001,-1.150035709142685E-001,4.820644855499268E-003,-8.044569985941052E-004,
2.425500000000000E+009,1.555503457784653E-001,-1.157824248075485E-001,4.875743295997381E-003,-9.110981482081115E-004,
2.425666666666667E+009,1.556231975555420E-001,-1.163405254483223E-001,4.742624703794718E-003,-1.122312154620886E-003,
2.425833333333334E+009,1.560469865798950E-001,-1.167699098587036E-001,4.581090994179249E-003,-1.354331616312265E-003,
2.426000000000000E+009,1.562324613332748E-001,-1.173750907182694E-001,4.651396069675684E-003,-1.633735839277506E-003,
2.426166666666667E+009,1.564315259456635E-001,-1.176895499229431E-001,4.366607870906591E-003,-1.670528552494943E-003,
2.426333333333334E+009,1.564070135354996E-001,-1.180342361330986E-001,4.342289175838232E-003,-1.910520368255675E-003,
2.426500000000000E+009,1.565724313259125E-001,-1.182338818907738E-001,4.330542404204607E-003,-1.941786729730666E-003,
2.426666666666667E+009,1.565461009740830E-001,-1.182357594370842E-001,4.102131817489862E-003,-2.079671248793602E-003,
2.426833333333334E+009,1.562427878379822E-001,-1.184633895754814E-001,4.040290601551533E-003,-2.216976834461093E-003,
2.427000000000000E+009,1.559909731149674E-001,-1.187529861927033E-001,4.141298588365316E-003,-2.290844218805432E-003,
2.427166666666667E+009,1.555875837802887E-001,-1.186155378818512E-001,3.920497838407755E-003,-2.508502453565598E-003,
2.427333333333334E+009,1.551903188228607E-001,-1.187011078000069E-001,3.869568696245551E-003,-2.787931123748422E-003,
2.427500000000000E+009,1.547333300113678E-001,-1.188646182417870E-001,3.561976132914424E-003,-2.832998754456639E-003,
2.427666666666667E+009,1.539244651794434E-001,-1.189600005745888E-001,3.300057491287589E-003,-2.804800169542432E-003,
2.427833333333334E+009,1.531351357698441E-001,-1.189304366707802E-001,3.337582573294640E-003,-2.994754351675510E-003,
2.428000000000000E+009,1.523467153310776E-001,-1.191054880619049E-001,3.215108765289187E-003,-3.036264795809984E-003,
2.428166666666667E+009,1.515414565801621E-001,-1.193433254957199E-001,2.928523812443018E-003,-3.134208964183927E-003,
2.428333333333334E+009,1.506561338901520E-001,-1.196516156196594E-001,2.883933018893004E-003,-3.051650710403919E-003,
2.428500000000000E+009,1.494652032852173E-001,-1.198138669133186E-001,2.769323531538248E-003,-3.256669733673334E-003,
2.428666666666667E+009,1.483022719621658E-001,-1.201595142483711E-001,2.688486129045487E-003,-3.277948126196861E-003,
2.428833333333334E+009,1.469660550355911E-001,-1.203977540135384E-001,2.448411425575614E-003,-3.520889440551400E-003,
2.429000000000000E+009,1.456354856491089E-001,-1.207942441105843E-001,2.239055465906858E-003,-3.449881216511130E-003,
2.429166666666667E+009,1.441504210233688E-001,-1.211395114660263E-001,2.039959654211998E-003,-3.544167615473270E-003,
2.429333333333334E+009,1.428350657224655E-001,-1.217943057417870E-001,2.181693213060498E-003,-3.672373015433550E-003,
2.429500000000000E+009,1.413588076829910E-001,-1.222610324621201E-001,1.860628603026271E-003,-3.582099685445428E-003,
2.429666666666667E+009,1.397340446710587E-001,-1.229246407747269E-001,2.030508359894157E-003,-3.652196610346437E-003,
2.429833333333334E+009,1.380983144044876E-001,-1.235158145427704E-001,1.756005338393152E-003,-3.607945749536157E-003,
2.430000000000000E+009,1.363532096147537E-001,-1.245108693838120E-001,1.557588693685830E-003,-3.712707199156284E-003,
2.430166666666667E+009,1.348918378353119E-001,-1.254568397998810E-001,1.495777512900531E-003,-3.764865454286337E-003,
2.430333333333334E+009,1.331589519977570E-001,-1.262098848819733E-001,1.375664724037051E-003,-3.792165545746684E-003,
2.430500000000000E+009,1.316054612398148E-001,-1.271576583385468E-001,1.325932797044516E-003,-3.779364051297307E-003,
2.430666666666667E+009,1.300358921289444E-001,-1.284688413143158E-001,1.094255829229951E-003,-3.715025261044502E-003,
2.430833333333334E+009,1.285404860973358E-001,-1.295068264007568E-001,1.087557291612029E-003,-3.707108087837696E-003,
2.431000000000000E+009,1.270487159490585E-001,-1.305040270090103E-001,9.337784140370786E-004,-3.919528331607580E-003,
2.431166666666667E+009,1.254131048917770E-001,-1.320326924324036E-001,7.946909754537046E-004,-3.880617907270789E-003,
2.431333333333334E+009,1.238621771335602E-001,-1.333494633436203E-001,7.319170981645584E-004,-3.906958270817995E-003,
2.431500000000000E+009,1.224963739514351E-001,-1.347382962703705E-001,6.353038479574025E-004,-3.749397583305836E-003,
2.431666666666667E+009,1.213014647364616E-001,-1.360937654972076E-001,3.277131472714245E-004,-3.881191369146109E-003,
2.431833333333334E+009,1.198777630925179E-001,-1.376897245645523E-001,2.298494218848646E-004,-3.942919429391623E-003,
2.432000000000000E+009,1.187793388962746E-001,-1.392706185579300E-001,1.477509940741584E-004,-3.911883570253849E-003,
2.432166666666667E+009,1.175037994980812E-001,-1.405639797449112E-001,-2.127199877577368E-006,-4.014155361801386E-003,
2.432333333333334E+009,1.165186688303947E-001,-1.420807242393494E-001,-1.454676239518449E-004,-3.969988785684109E-003,
2.432500000000000E+009,1.156451627612114E-001,-1.437661647796631E-001,-3.235895710531622E-004,-3.892231965437532E-003,
2.432666666666667E+009,1.146994605660439E-001,-1.452004015445709E-001,-5.163748282939196E-004,-3.849954111501575E-003,
2.432833333333334E+009,1.139563992619515E-001,-1.469492614269257E-001,-5.502136191353202E-004,-3.889750456437469E-003,
2.433000000000000E+009,1.133888214826584E-001,-1.482703983783722E-001,-7.431140984408557E-004,-3.781271399930120E-003,
2.433166666666667E+009,1.124730631709099E-001,-1.498084068298340E-001,-9.253108873963356E-004,-3.902956843376160E-003,
2.433333333333334E+009,1.119052469730377E-001,-1.513176560401917E-001,-1.070642494596541E-003,-3.779669757932425E-003,
2.433500000000000E+009,1.116100102663040E-001,-1.526084691286087E-001,-1.186572480946779E-003,-3.622785210609436E-003,
2.433666666666667E+009,1.112746819853783E-001,-1.541589349508286E-001,-1.297932816669345E-003,-3.544286824762821E-003,
2.433833333333334E+009,1.109243705868721E-001,-1.555979549884796E-001,-1.410373952239752E-003,-3.345984965562820E-003,
2.434000000000000E+009,1.107312291860580E-001,-1.568879187107086E-001,-1.518381759524345E-003,-3.267452819272876E-003,
2.434166666666667E+009,1.103478819131851E-001,-1.580637097358704E-001,-1.621320378035307E-003,-3.319034585729241E-003,
2.434333333333334E+009,1.102284193038940E-001,-1.592072248458862E-001,-1.831199391745031E-003,-3.016673494130373E-003,
2.434500000000000E+009,1.101112663745880E-001,-1.602698117494583E-001,-1.827621948905289E-003,-3.087005345150828E-003,
2.434666666666667E+009,1.101118475198746E-001,-1.614878028631210E-001,-1.821926329284906E-003,-2.869770629331470E-003,
2.434833333333334E+009,1.098573207855225E-001,-1.623375415802002E-001,-2.014208817854524E-003,-2.809122670441866E-003,
2.435000000000000E+009,1.099657043814659E-001,-1.631767302751541E-001,-2.072788774967194E-003,-2.725818427279592E-003,
2.435166666666667E+009,1.097881793975830E-001,-1.641633361577988E-001,-2.101077698171139E-003,-2.623155014589429E-003,
2.435333333333334E+009,1.098438426852226E-001,-1.648742109537125E-001,-2.112888498231769E-003,-2.515252679586411E-003,
2.435500000000000E+009,1.097407862544060E-001,-1.654765307903290E-001,-2.093884861096740E-003,-2.357010031118989E-003,
2.435666666666667E+009,1.096689254045487E-001,-1.660240441560745E-001,-2.092339796945453E-003,-2.282224129885435E-003,
2.435833333333334E+009,1.097058355808258E-001,-1.663221418857575E-001,-2.246165648102760E-003,-2.235766965895891E-003,
2.436000000000000E+009,1.094608604907990E-001,-1.668436974287033E-001,-2.197074703872204E-003,-2.236969769001007E-003,
2.436166666666667E+009,1.092536449432373E-001,-1.671470552682877E-001,-2.375768031924963E-003,-2.059844788163900E-003,
2.436333333333334E+009,1.092072054743767E-001,-1.674739718437195E-001,-2.284028567373753E-003,-1.849923166446388E-003,
2.436500000000000E+009,1.090364158153534E-001,-1.676369309425354E-001,-2.311312360689044E-003,-1.921908580698073E-003,
2.436666666666667E+009,1.086763367056847E-001,-1.676901876926422E-001,-2.297506202012301E-003,-1.740998937748373E-003,
2.436833333333334E+009,1.083441376686096E-001,-1.677117049694061E-001,-2.326135290786624E-003,-1.880235271528363E-003,
2.437000000000000E+009,1.079094707965851E-001,-1.677461415529251E-001,-2.451753709465265E-003,-1.657418673858047E-003,
2.437166666666667E+009,1.075024157762528E-001,-1.677677184343338E-001,-2.406966872513294E-003,-1.615320215933025E-003,
2.437333333333334E+009,1.067349314689636E-001,-1.677147597074509E-001,-2.576608909294009E-003,-1.512093003839254E-003,
2.437500000000000E+009,1.063227429986000E-001,-1.674263328313828E-001,-2.421113429591060E-003,-1.386734889820218E-003,
2.437666666666667E+009,1.055742278695107E-001,-1.674412190914154E-001,-2.551053883507848E-003,-1.215840689837933E-003,
2.437833333333334E+009,1.048397272825241E-001,-1.671196669340134E-001,-2.527596894651651E-003,-1.326048164628446E-003,
2.438000000000000E+009,1.040286719799042E-001,-1.670350134372711E-001,-2.530355006456375E-003,-1.246524741873145E-003,
2.438166666666667E+009,1.029259562492371E-001,-1.669872999191284E-001,-2.721876837313175E-003,-1.213305280543864E-003,
2.438333333333334E+009,1.018940433859825E-001,-1.664530634880066E-001,-2.574376761913300E-003,-1.125323120504618E-003,
2.438500000000000E+009,1.009460166096687E-001,-1.665038466453552E-001,-2.670736052095890E-003,-1.025207806378603E-003,
2.438666666666667E+009,9.976934641599655E-002,-1.664941757917404E-001,-2.692933660000563E-003,-9.999957401305437E-004,
2.438833333333334E+009,9.841206669807434E-002,-1.662024557590485E-001,-2.712893299758434E-003,-9.446340845897794E-004,
2.439000000000000E+009,9.713862836360931E-002,-1.662723273038864E-001,-2.719263080507517E-003,-7.593284826725721E-004,
2.439166666666667E+009,9.594514966011047E-002,-1.659950017929077E-001,-2.687962958589196E-003,-6.425537867471576E-004,
2.439333333333334E+009,9.434118866920471E-002,-1.660701185464859E-001,-2.720796503126621E-003,-7.673636428080499E-004,
2.439500000000000E+009,9.286726266145706E-002,-1.663496345281601E-001,-2.759252674877644E-003,-6.560622714459896E-004,
2.439666666666667E+009,9.138721972703934E-002,-1.661921590566635E-001,-2.667659195140004E-003,-4.090777365490794E-004,
2.439833333333334E+009,9.007192403078079E-002,-1.664740294218063E-001,-2.735966350883246E-003,-4.869145632255822E-004,
2.440000000000000E+009,8.824972063302994E-002,-1.667318195104599E-001,-2.791324630379677E-003,-2.631935349199921E-004,
2.440166666666667E+009,8.662546426057816E-002,-1.670978665351868E-001,-2.782956464216113E-003,-3.923744370695204E-004,
2.440333333333334E+009,8.495559543371201E-002,-1.677051633596420E-001,-2.808900084346533E-003,-2.444995916448534E-004,
2.440500000000000E+009,8.332882076501846E-002,-1.679919064044952E-001,-2.719223033636808E-003,-2.010318712564185E-004,
2.440666666666667E+009,8.152590692043304E-002,-1.684643626213074E-001,-2.689237240701914E-003,6.817388202762231E-005,
2.440833333333334E+009,8.000383526086807E-002,-1.693236678838730E-001,-2.910996554419398E-003,-1.355454733129591E-004,
2.441000000000000E+009,7.841321080923080E-002,-1.698883920907974E-001,-2.931191818788648E-003,2.836438943631947E-005,
2.441166666666667E+009,7.652269303798676E-002,-1.707581579685211E-001,-2.834530314430594E-003,5.552734728553332E-005,
2.441333333333334E+009,7.519145309925079E-002,-1.714928597211838E-001,-2.837398555129767E-003,1.173742566606961E-004,
2.441500000000000E+009,7.333529740571976E-002,-1.722531169652939E-001,-2.985182916745544E-003,2.657600271049887E-004,
2.441666666666667E+009,7.177710533142090E-002,-1.731795668601990E-001,-2.856794511899352E-003,2.625142806209624E-004,
2.441833333333334E+009,7.036166638135910E-002,-1.742676049470902E-001,-2.810879843309522E-003,5.048288148827851E-004,
2.442000000000000E+009,6.875276565551758E-002,-1.753405481576920E-001,-2.777502872049809E-003,6.056025740690529E-004,
2.442166666666667E+009,6.721395999193192E-002,-1.762309521436691E-001,-2.772118197754026E-003,6.379346014000475E-004,
2.442333333333334E+009,6.600910425186157E-002,-1.773883700370789E-001,-3.036355599761009E-003,8.541759452782571E-004,
2.442500000000000E+009,6.435183435678482E-002,-1.784488409757614E-001,-2.998669398948550E-003,7.274894160218537E-004,
2.442666666666667E+009,6.328197568655014E-002,-1.794920116662979E-001,-2.884545130655170E-003,1.009344705380499E-003,
2.442833333333334E+009,6.219521164894104E-002,-1.808718144893646E-001,-2.877318300306797E-003,1.184761407785118E-003,
2.443000000000000E+009,6.108480691909790E-002,-1.818174868822098E-001,-2.822615671902895E-003,1.146336086094379E-003,
2.443166666666667E+009,5.992468446493149E-002,-1.830817908048630E-001,-2.704499755054712E-003,1.345231430605054E-003,
2.443333333333334E+009,5.886847898364067E-002,-1.839133352041245E-001,-2.753064269199967E-003,1.443063840270042E-003,
2.443500000000000E+009,5.817980319261551E-002,-1.849563270807266E-001,-2.759841503575444E-003,1.410387689247727E-003,
2.443666666666667E+009,5.721086263656616E-002,-1.860714256763458E-001,-2.514012157917023E-003,1.569252344779670E-003,
2.443833333333334E+009,5.640401318669319E-002,-1.872339546680450E-001,-2.551740268245339E-003,1.775541924871504E-003,
2.444000000000000E+009,5.575527250766754E-002,-1.881668269634247E-001,-2.422247314825654E-003,1.841086079366505E-003,
2.444166666666667E+009,5.505821481347084E-002,-1.891300380229950E-001,-2.388141816481948E-003,1.982038374990225E-003,
2.444333333333334E+009,5.453585460782051E-002,-1.900296062231064E-001,-2.197025809437037E-003,1.993457786738873E-003,
2.444500000000000E+009,5.391743779182434E-002,-1.908907294273377E-001,-2.156015718355775E-003,2.029304159805179E-003,
2.444666666666667E+009,5.345015600323677E-002,-1.916339844465256E-001,-1.961679663509131E-003,2.254569903016090E-003,
2.444833333333334E+009,5.294293910264969E-002,-1.923665255308151E-001,-1.986180897802115E-003,2.227725228294730E-003,
2.445000000000000E+009,5.273650959134102E-002,-1.928656101226807E-001,-1.892975531518459E-003,2.391784451901913E-003,
2.445166666666667E+009,5.219098925590515E-002,-1.934280693531036E-001,-1.828740700148046E-003,2.444751327857375E-003,
2.445333333333334E+009,5.185186490416527E-002,-1.938908994197846E-001,-1.486895722337067E-003,2.239816822111607E-003,
2.445500000000000E+009,5.148907005786896E-002,-1.942814290523529E-001,-1.513274270109832E-003,2.584259491413832E-003,
2.445666666666667E+009,5.123954266309738E-002,-1.945863366127014E-001,-1.367223798297346E-003,2.463679295033217E-003,
2.445833333333334E+009,5.079649388790131E-002,-1.950263977050781E-001,-1.255155541002750E-003,2.553766593337059E-003,
2.446000000000000E+009,5.043549463152885E-002,-1.950000673532486E-001,-1.067604054696858E-003,2.455779584124684E-003,
2.446166666666667E+009,5.016370862722397E-002,-1.952285319566727E-001,-9.674411849118769E-004,2.460047602653503E-003,
2.446333333333334E+009,4.977934062480927E-002,-1.953014433383942E-001,-7.514911703765392E-004,2.587242517620325E-003,
2.446500000000000E+009,4.956234246492386E-002,-1.951222717761993E-001,-7.259194389916956E-004,2.507730154320598E-003,
2.446666666666667E+009,4.902089014649391E-002,-1.950748413801193E-001,-5.502226995304227E-004,2.468482824042440E-003,
2.446833333333334E+009,4.870196804404259E-002,-1.948635280132294E-001,-3.910152590833604E-004,2.472467254847288E-003,
2.447000000000000E+009,4.788786172866821E-002,-1.947071850299835E-001,-3.566783270798624E-004,2.442392753437161E-003,
2.447166666666667E+009,4.746495559811592E-002,-1.944078505039215E-001,-1.850302651291713E-004,2.338419901207089E-003,
2.447333333333334E+009,4.680898040533066E-002,-1.940027028322220E-001,-8.925810107029975E-005,2.356495475396514E-003,
2.447500000000000E+009,4.629343375563622E-002,-1.937736272811890E-001,-1.181858315248974E-004,2.484129974618554E-003,
2.447666666666667E+009,4.557489603757858E-002,-1.931960731744766E-001,-8.070293915807270E-006,2.259729430079460E-003,
2.447833333333334E+009,4.472240433096886E-002,-1.929893642663956E-001,1.459167560824426E-005,2.375143580138683E-003,
2.448000000000000E+009,4.409541562199593E-002,-1.924078762531281E-001,1.145258502219804E-004,2.210608916357160E-003,
2.448166666666667E+009,4.300582408905029E-002,-1.918870359659195E-001,3.367722965776920E-004,2.205905504524708E-003,
2.448333333333334E+009,4.199991375207901E-002,-1.915033608675003E-001,2.675881842151284E-004,2.194135449826717E-003,
2.448500000000000E+009,4.100242629647255E-002,-1.911372989416122E-001,3.386792959645391E-004,2.125171711668372E-003,
2.448666666666667E+009,3.982043638825417E-002,-1.905850470066071E-001,3.314951318316162E-004,1.988606294617057E-003,
2.448833333333334E+009,3.869586437940598E-002,-1.902536898851395E-001,4.946369444951415E-004,1.955781131982803E-003,
2.449000000000000E+009,3.754979372024536E-002,-1.897015422582626E-001,4.997747018933296E-004,1.891927327960730E-003,
2.449166666666667E+009,3.608746454119682E-002,-1.892147958278656E-001,5.548299523070455E-004,1.982479356229305E-003,
2.449333333333334E+009,3.475537151098251E-002,-1.888529509305954E-001,6.100136088207364E-004,1.761843217536807E-003,
2.449500000000000E+009,3.314725682139397E-002,-1.885075569152832E-001,6.880926084704697E-004,1.758264144882560E-003,
2.449666666666667E+009,3.175092488527298E-002,-1.881903409957886E-001,5.630495143122971E-004,1.776265678927302E-003,
2.449833333333334E+009,3.013648279011250E-002,-1.879523694515228E-001,5.804577958770096E-004,1.672728569246829E-003,
2.450000000000000E+009,2.840138040482998E-002,-1.877615451812744E-001,8.066945592872798E-004,1.580531592480838E-003,
2.450166666666667E+009,2.679190970957279E-002,-1.874707639217377E-001,6.676344783045352E-004,1.611209590919316E-003,
2.450333333333334E+009,2.518699690699577E-002,-1.872701346874237E-001,6.921953172422946E-004,1.578638446517289E-003,
2.450500000000000E+009,2.341863140463829E-002,-1.872629076242447E-001,7.197608356364071E-004,1.600525458343327E-003,
2.450666666666667E+009,2.164685353636742E-002,-1.871944218873978E-001,8.402125095017254E-004,1.364500727504492E-003,
2.450833333333334E+009,1.984686963260174E-002,-1.871255040168762E-001,8.226507925428450E-004,1.401638030074537E-003,
2.451000000000000E+009,1.820168271660805E-002,-1.871500015258789E-001,8.536920067854226E-004,1.254528178833425E-003,
2.451166666666667E+009,1.629835925996304E-002,-1.873757988214493E-001,7.564596016891301E-004,1.411512261256576E-003,
2.451333333333334E+009,1.485393196344376E-002,-1.874974220991135E-001,8.540041162632406E-004,1.275461632758379E-003,
2.451500000000000E+009,1.294415164738894E-002,-1.875865012407303E-001,7.540252408944070E-004,1.220394391566515E-003,
2.451666666666667E+009,1.103286072611809E-002,-1.877166926860809E-001,9.228026028722525E-004,1.299679861404002E-003,
2.451833333333334E+009,9.526651352643967E-003,-1.879025101661682E-001,8.883926784619689E-004,1.110388431698084E-003,
2.452000000000000E+009,8.054440841078758E-003,-1.883983016014099E-001,8.197852876037359E-004,1.004934427328408E-003,
2.452166666666667E+009,6.466863211244345E-003,-1.886003315448761E-001,1.113444450311363E-003,1.094487961381674E-003,
2.452333333333334E+009,4.874893929809332E-003,-1.890980005264282E-001,1.025292556732893E-003,1.087552169337869E-003,
2.452500000000000E+009,3.378040622919798E-003,-1.895740479230881E-001,9.285261621698737E-004,9.286461863666773E-004,
2.452666666666667E+009,1.819491502828896E-003,-1.898012161254883E-001,9.473905083723366E-004,1.007005921564996E-003,
2.452833333333334E+009,3.124760405626148E-004,-1.901713013648987E-001,9.608476539142430E-004,1.042065443471074E-003,
2.453000000000000E+009,-8.606751798652113E-004,-1.908128112554550E-001,9.992473060265183E-004,8.691243128851056E-004,
2.453166666666667E+009,-2.218567300587893E-003,-1.913167685270309E-001,8.880984969437122E-004,9.924119804054499E-004,
2.453333333333334E+009,-3.317128866910934E-003,-1.916545778512955E-001,1.149957533925772E-003,7.690858328714967E-004,
2.453500000000000E+009,-4.533310886472464E-003,-1.922059655189514E-001,9.445325704291463E-004,8.620527223683894E-004,
2.453666666666667E+009,-5.557456053793430E-003,-1.926625967025757E-001,8.411079179495573E-004,6.729466258548200E-004,
2.453833333333334E+009,-6.457330659031868E-003,-1.931279003620148E-001,9.982074843719602E-004,6.901769083924592E-004,
2.454000000000000E+009,-7.580357138067484E-003,-1.933393925428391E-001,8.521427516825497E-004,5.601526936516166E-004,
2.454166666666667E+009,-8.418085984885693E-003,-1.939215511083603E-001,8.904219139367342E-004,5.423380644060671E-004,
2.454333333333334E+009,-9.281876496970654E-003,-1.941638439893723E-001,1.017648261040449E-003,6.184435333125293E-004,
2.454500000000000E+009,-1.017354801297188E-002,-1.945764571428299E-001,9.653987945057452E-004,5.013734335079789E-004,
2.454666666666667E+009,-1.081725489348173E-002,-1.947850584983826E-001,9.127767407335341E-004,5.392305902205408E-004,
2.454833333333334E+009,-1.151813194155693E-002,-1.948662251234055E-001,9.720156667754054E-004,5.644173361361027E-004,
2.455000000000000E+009,-1.222316734492779E-002,-1.952922344207764E-001,8.152654627338052E-004,5.516124656423926E-004,
2.455166666666667E+009,-1.297856867313385E-002,-1.953416466712952E-001,8.047323790378869E-004,5.269518005661666E-004,
2.455333333333334E+009,-1.353582553565502E-002,-1.954243183135986E-001,6.855653482489288E-004,4.552549216896296E-004,
2.455500000000000E+009,-1.426183246076107E-002,-1.955196410417557E-001,8.372159791179001E-004,4.702376027125865E-004,
2.455666666666667E+009,-1.490498613566160E-002,-1.952346414327622E-001,8.064842550083995E-004,5.197912105359137E-004,
2.455833333333334E+009,-1.543181948363781E-002,-1.951417922973633E-001,8.654535049572587E-004,4.877342435065657E-004,
2.456000000000000E+009,-1.605915650725365E-002,-1.949431896209717E-001,8.465988212265074E-004,4.016707825940102E-004,
2.456166666666667E+009,-1.658207923173904E-002,-1.947534233331680E-001,7.662947755306959E-004,4.049228737130761E-004,
2.456333333333334E+009,-1.707677729427815E-002,-1.944771856069565E-001,7.443074136972427E-004,5.011869361624122E-004,
2.456500000000000E+009,-1.788462884724140E-002,-1.941391527652741E-001,8.173208916559815E-004,2.431452012388036E-004,
2.456666666666667E+009,-1.867691986262798E-002,-1.936113387346268E-001,7.501682266592979E-004,3.957022563554347E-004,
2.456833333333334E+009,-1.917542330920696E-002,-1.930707544088364E-001,6.761561962775886E-004,3.827354521490634E-004,
2.457000000000000E+009,-2.000669576227665E-002,-1.925397515296936E-001,7.500196807086468E-004,2.578349667601287E-004,
2.457166666666667E+009,-2.081454545259476E-002,-1.920213401317596E-001,7.804812630638480E-004,3.191723080817610E-004,
2.457333333333334E+009,-2.146346680819988E-002,-1.914077997207642E-001,6.150398985482752E-004,2.895422803703696E-004,
2.457500000000000E+009,-2.242580428719521E-002,-1.906479895114899E-001,7.106300909072161E-004,3.155719314236194E-004,
2.457666666666667E+009,-2.320974320173264E-002,-1.898930221796036E-001,7.130687590688467E-004,4.473367007449269E-004,
2.457833333333334E+009,-2.432309277355671E-002,-1.892632693052292E-001,6.002137088216841E-004,3.472888492979109E-004,
2.458000000000000E+009,-2.519794180989265E-002,-1.883142143487930E-001,6.596376770175993E-004,3.702440008055419E-004,
2.458166666666667E+009,-2.643197029829025E-002,-1.877656131982803E-001,5.618399009108543E-004,3.651880833785981E-004,
2.458333333333334E+009,-2.749331109225750E-002,-1.872158050537109E-001,5.641811294481158E-004,2.323860389878973E-004,
2.458500000000000E+009,-2.860605716705322E-002,-1.861162781715393E-001,6.759660318493843E-004,3.426757757551968E-004,
2.458666666666667E+009,-2.997672744095326E-002,-1.853109449148178E-001,5.721222842112184E-004,3.354780201334506E-004,
2.458833333333334E+009,-3.112978488206863E-002,-1.844571679830551E-001,5.612379754893482E-004,5.107603501528502E-004,
2.459000000000000E+009,-3.255389630794525E-002,-1.836654692888260E-001,7.164578419178724E-004,3.939380112569779E-004,
2.459166666666667E+009,-3.400160372257233E-002,-1.829705536365509E-001,6.703036488033831E-004,4.900395870208740E-004,
2.459333333333334E+009,-3.527993336319923E-002,-1.820535957813263E-001,5.479384562931955E-004,3.554462164174765E-004,
2.459500000000000E+009,-3.661339730024338E-002,-1.815005391836166E-001,6.035495898686349E-004,3.393525257706642E-004,
2.459666666666667E+009,-3.824954852461815E-002,-1.805281788110733E-001,6.318347295746207E-004,2.790993603412062E-004,
2.459833333333334E+009,-3.991050645709038E-002,-1.802571862936020E-001,6.296989740803838E-004,4.470775020308793E-004,
2.460000000000000E+009,-4.124772921204567E-002,-1.795019358396530E-001,6.805036682635546E-004,5.117440014146268E-004,
2.460166666666667E+009,-4.297062382102013E-002,-1.789158582687378E-001,6.004044553264976E-004,4.869229451287538E-004,
2.460333333333334E+009,-4.446507617831230E-002,-1.784154623746872E-001,6.275718915276229E-004,5.739267216995359E-004,
2.460500000000000E+009,-4.621181264519692E-002,-1.781114637851715E-001,7.406352669931948E-004,5.024044075980783E-004,
2.460666666666667E+009,-4.793086275458336E-002,-1.775149106979370E-001,6.711514433845878E-004,4.614720819517970E-004,
2.460833333333334E+009,-4.967820271849632E-002,-1.771247535943985E-001,6.014282116666436E-004,4.965902771800757E-004,
2.461000000000000E+009,-5.125948414206505E-002,-1.768481135368347E-001,5.931631894782186E-004,5.462418776005507E-004,
2.461166666666667E+009,-5.271180719137192E-002,-1.766715645790100E-001,7.253968506120145E-004,5.769769195467234E-004,
2.461333333333334E+009,-5.451584234833717E-002,-1.762619167566299E-001,7.749032811261714E-004,6.938842125236988E-004,
2.461500000000000E+009,-5.585843697190285E-002,-1.759279072284699E-001,7.805983186699450E-004,6.144380313344300E-004,
2.461666666666667E+009,-5.775484070181847E-002,-1.759975105524063E-001,7.911089342087507E-004,5.748096155002713E-004,
2.461833333333334E+009,-5.918696150183678E-002,-1.759157031774521E-001,8.692907285876572E-004,7.052574655972421E-004,
2.462000000000000E+009,-6.044066697359085E-002,-1.757086366415024E-001,8.100956329144537E-004,5.930483457632363E-004,
2.462166666666667E+009,-6.195535883307457E-002,-1.758077740669251E-001,9.887192863970995E-004,5.981055437587202E-004,
2.462333333333334E+009,-6.344059854745865E-002,-1.756009608507156E-001,1.034387154504657E-003,5.651284591294825E-004,
2.462500000000000E+009,-6.471853703260422E-002,-1.757800430059433E-001,9.748036973178387E-004,6.575734587386251E-004,
2.462666666666667E+009,-6.590951234102249E-002,-1.757323890924454E-001,1.208794070407748E-003,6.461984012275934E-004,
2.462833333333334E+009,-6.716779619455338E-002,-1.756821721792221E-001,1.162210362963378E-003,6.278334767557681E-004,
2.463000000000000E+009,-6.812202185392380E-002,-1.757015138864517E-001,1.271446701139212E-003,6.997777963988483E-004,
2.463166666666667E+009,-6.924556940793991E-002,-1.757877618074417E-001,1.253585214726627E-003,6.961976177990437E-004,
2.463333333333334E+009,-7.012173533439636E-002,-1.759540736675263E-001,1.370257814414799E-003,6.863191374577582E-004,
2.463500000000000E+009,-7.113096117973328E-002,-1.757983118295670E-001,1.468654838390648E-003,7.218029350042343E-004,
2.463666666666667E+009,-7.197589427232742E-002,-1.759219765663147E-001,1.460009720176458E-003,6.033318350091577E-004,
2.463833333333334E+009,-7.263602316379547E-002,-1.758520305156708E-001,1.533670932985842E-003,4.987602005712688E-004,
2.464000000000000E+009,-7.337410748004913E-002,-1.756777465343475E-001,1.612614025361836E-003,5.229939124546945E-004,
2.464166666666667E+009,-7.378478348255158E-002,-1.756412684917450E-001,1.647999510169029E-003,5.028254818171263E-004,
2.464333333333334E+009,-7.447750121355057E-002,-1.754566431045532E-001,1.715504680760205E-003,5.186913767829537E-004,
2.464500000000000E+009,-7.478850334882736E-002,-1.753578186035156E-001,1.881512929685414E-003,2.941153943538666E-004,
2.464666666666667E+009,-7.526864111423492E-002,-1.750736534595490E-001,1.923603937029839E-003,5.031951586715877E-004,
2.464833333333334E+009,-7.555174827575684E-002,-1.748168617486954E-001,1.872371765784919E-003,1.002015706035309E-004,
2.465000000000000E+009,-7.580152153968811E-002,-1.745472550392151E-001,1.933493535034359E-003,2.413517067907378E-004,
2.465166666666667E+009,-7.619646191596985E-002,-1.741671413183212E-001,2.139972057193518E-003,2.144425525330007E-004,
2.465333333333334E+009,-7.657521218061447E-002,-1.737524420022965E-001,2.261515241116285E-003,9.994902939070016E-005,
2.465500000000000E+009,-7.652432471513748E-002,-1.732965260744095E-001,2.106276107951999E-003,6.436139665311202E-005,
2.465666666666667E+009,-7.700368762016296E-002,-1.726313084363937E-001,2.174290129914880E-003,-1.863511715782806E-005,
2.465833333333334E+009,-7.718671113252640E-002,-1.720969825983048E-001,2.253081882372499E-003,-4.706773688667454E-005,
2.466000000000000E+009,-7.736295461654663E-002,-1.714591830968857E-001,2.282049274072051E-003,-1.310749939875677E-004,
2.466166666666667E+009,-7.757110893726349E-002,-1.706696450710297E-001,2.418210497125983E-003,-2.902011619880796E-004,
2.466333333333334E+009,-7.794640958309174E-002,-1.699732691049576E-001,2.322467975318432E-003,-3.459315630607307E-004,
2.466500000000000E+009,-7.822767645120621E-002,-1.690356731414795E-001,2.465082565322518E-003,-5.510109476745129E-004,
2.466666666666667E+009,-7.848509401082993E-002,-1.680420339107513E-001,2.398009644821286E-003,-7.631836342625320E-004,
2.466833333333334E+009,-7.869710773229599E-002,-1.670899689197540E-001,2.496725181117654E-003,-7.544745458289981E-004,
2.467000000000000E+009,-7.914662361145020E-002,-1.659291684627533E-001,2.482364885509014E-003,-8.540700655430555E-004,
2.467166666666667E+009,-7.944988459348679E-002,-1.649850755929947E-001,2.539452398195863E-003,-9.922083700075746E-004,
2.467333333333334E+009,-8.020440489053726E-002,-1.638311892747879E-001,2.388897817581892E-003,-1.213492942042649E-003,
2.467500000000000E+009,-8.033183962106705E-002,-1.626803129911423E-001,2.401501871645451E-003,-1.214918796904385E-003,
2.467666666666667E+009,-8.089503645896912E-002,-1.612372845411301E-001,2.301313681527972E-003,-1.318086287938058E-003,
2.467833333333334E+009,-8.157517015933991E-002,-1.599672883749008E-001,2.260055160149932E-003,-1.604030723683536E-003,
2.468000000000000E+009,-8.223423361778259E-002,-1.589392870664597E-001,2.310218522325158E-003,-1.666290918365121E-003,
2.468166666666667E+009,-8.291912078857422E-002,-1.575701385736466E-001,2.299875952303410E-003,-1.682108733803034E-003,
2.468333333333334E+009,-8.375813066959381E-002,-1.563113182783127E-001,2.191837644204497E-003,-1.899929135106504E-003,
2.468500000000000E+009,-8.464401215314865E-002,-1.548524349927902E-001,2.016626996919513E-003,-2.059011487290263E-003,
2.468666666666667E+009,-8.562516421079636E-002,-1.536734402179718E-001,1.969451550394297E-003,-2.086751628667116E-003,
2.468833333333334E+009,-8.667777478694916E-002,-1.521836668252945E-001,2.005607355386019E-003,-2.131401794031262E-003,
2.469000000000000E+009,-8.771250396966934E-002,-1.511935293674469E-001,1.786001492291689E-003,-2.330939518287778E-003,
2.469166666666667E+009,-8.877440541982651E-002,-1.497231125831604E-001,1.731153693981469E-003,-2.353036310523748E-003,
2.469333333333334E+009,-9.006281197071075E-002,-1.484834998846054E-001,1.636790228076279E-003,-2.484430326148868E-003,
2.469500000000000E+009,-9.129129350185394E-002,-1.471627652645111E-001,1.678227563388646E-003,-2.572348574176431E-003,
2.469666666666667E+009,-9.272080659866333E-002,-1.461370885372162E-001,1.495315344072878E-003,-2.624889835715294E-003,
2.469833333333334E+009,-9.419927000999451E-002,-1.449170559644699E-001,1.292704837396741E-003,-2.671419875696302E-003,
2.470000000000000E+009,-9.547851979732513E-002,-1.438383162021637E-001,1.265130587853491E-003,-2.681101206690073E-003,
2.470166666666667E+009,-9.703436493873596E-002,-1.429347395896912E-001,1.104352995753288E-003,-2.605615416541696E-003,
2.470333333333334E+009,-9.840358048677445E-002,-1.419404596090317E-001,9.602567879483104E-004,-2.881071064621210E-003,
2.470500000000000E+009,-1.001019775867462E-001,-1.409796029329300E-001,9.591482230462134E-004,-2.923844149336219E-003,
2.470666666666667E+009,-1.015135645866394E-001,-1.402533054351807E-001,8.261313196271658E-004,-2.944740001112223E-003,
2.470833333333334E+009,-1.031738817691803E-001,-1.393171548843384E-001,6.557072047144175E-004,-3.014150308445096E-003,
2.471000000000000E+009,-1.046952903270721E-001,-1.387160569429398E-001,6.369855836965144E-004,-2.975036390125752E-003,
2.471166666666667E+009,-1.063564121723175E-001,-1.378062814474106E-001,5.089758196845651E-004,-3.104706760495901E-003,
2.471333333333334E+009,-1.077831089496613E-001,-1.375931650400162E-001,3.711718018166721E-004,-2.935255877673626E-003,
2.471500000000000E+009,-1.094610765576363E-001,-1.371069550514221E-001,1.871659769676626E-004,-3.040076000615954E-003,
2.471666666666667E+009,-1.108523681759834E-001,-1.365976333618164E-001,1.683867885731161E-004,-2.965347841382027E-003,
2.471833333333334E+009,-1.123088300228119E-001,-1.361844092607498E-001,-6.445781036745757E-005,-3.012629225850105E-003,
2.472000000000000E+009,-1.134928390383720E-001,-1.358526796102524E-001,-4.674380397773348E-005,-2.990885404869914E-003,
2.472166666666667E+009,-1.148878708481789E-001,-1.356443911790848E-001,-2.360916987527162E-004,-3.012060886248946E-003,
2.472333333333334E+009,-1.162036508321762E-001,-1.354858577251434E-001,-2.744737721513957E-004,-2.987835556268692E-003,
2.472500000000000E+009,-1.173621341586113E-001,-1.353186815977097E-001,-4.227981553412974E-004,-2.911899937316775E-003,
2.472666666666667E+009,-1.183878183364868E-001,-1.352502554655075E-001,-3.633141168393195E-004,-2.913028467446566E-003,
2.472833333333334E+009,-1.195758208632469E-001,-1.352333873510361E-001,-5.446809227578342E-004,-2.907677786424756E-003,
2.473000000000000E+009,-1.202681735157967E-001,-1.351552456617355E-001,-5.189832882024348E-004,-2.945072250440717E-003,
2.473166666666667E+009,-1.216304376721382E-001,-1.351359784603119E-001,-7.199463434517384E-004,-2.993569010868669E-003,
2.473333333333334E+009,-1.223307624459267E-001,-1.350796967744827E-001,-9.071738459169865E-004,-2.809520810842514E-003,
2.473500000000000E+009,-1.232206597924233E-001,-1.350220739841461E-001,-8.164579048752785E-004,-2.812783466652036E-003,
2.473666666666667E+009,-1.238030344247818E-001,-1.350409090518951E-001,-8.378822822123766E-004,-2.862615277990699E-003,
2.473833333333334E+009,-1.244459450244904E-001,-1.351478397846222E-001,-1.023381249979138E-003,-2.806597156450152E-003,
2.474000000000000E+009,-1.251654177904129E-001,-1.350282281637192E-001,-1.080290065146983E-003,-2.790548838675022E-003,
2.474166666666667E+009,-1.255178004503250E-001,-1.350898146629334E-001,-1.268406631425023E-003,-2.882205182686448E-003,
2.474333333333334E+009,-1.259674578905106E-001,-1.348505914211273E-001,-1.427123672328889E-003,-2.884512068703771E-003,
2.474500000000000E+009,-1.264561563730240E-001,-1.348195672035217E-001,-1.451227115467191E-003,-2.889774506911635E-003,
2.474666666666667E+009,-1.266880184412003E-001,-1.346653401851654E-001,-1.445032539777458E-003,-2.758202608674765E-003,
2.474833333333334E+009,-1.269900351762772E-001,-1.344736814498901E-001,-1.591737614944577E-003,-2.778526162728667E-003,
2.475000000000000E+009,-1.271147280931473E-001,-1.341070830821991E-001,-1.806244021281600E-003,-2.817057073116303E-003,
2.475166666666667E+009,-1.273454725742340E-001,-1.337344199419022E-001,-1.851717242971063E-003,-2.746017416939139E-003,
2.475333333333334E+009,-1.271679550409317E-001,-1.333086788654327E-001,-2.014630939811468E-003,-2.840976463630796E-003,
2.475500000000000E+009,-1.274378001689911E-001,-1.327524930238724E-001,-2.226036973297596E-003,-2.691481262445450E-003,
2.475666666666667E+009,-1.273287832736969E-001,-1.322449445724487E-001,-2.285962691530585E-003,-2.613815711811185E-003,
2.475833333333334E+009,-1.272917389869690E-001,-1.314958333969116E-001,-2.428429899737239E-003,-2.612541662529111E-003,
2.476000000000000E+009,-1.269755065441132E-001,-1.306264102458954E-001,-2.529388759285212E-003,-2.618182683363557E-003,
2.476166666666667E+009,-1.272032409906387E-001,-1.298407018184662E-001,-2.693805145099759E-003,-2.441727789118886E-003,
2.476333333333334E+009,-1.270009875297546E-001,-1.288515627384186E-001,-2.967004431411624E-003,-2.267373027279973E-003,
2.476500000000000E+009,-1.269686520099640E-001,-1.277092993259430E-001,-3.168777562677860E-003,-2.207296900451183E-003,
2.476666666666667E+009,-1.267754137516022E-001,-1.266925781965256E-001,-3.198678372427821E-003,-2.028617309406400E-003,
2.476833333333334E+009,-1.267043054103851E-001,-1.254871040582657E-001,-3.257877426221967E-003,-2.004450419917703E-003,
2.477000000000000E+009,-1.267073005437851E-001,-1.241033375263214E-001,-3.364904550835490E-003,-1.816226635128260E-003,
2.477166666666667E+009,-1.265639364719391E-001,-1.229897066950798E-001,-3.435994498431683E-003,-1.606449368409813E-003,
2.477333333333334E+009,-1.266390830278397E-001,-1.213275119662285E-001,-3.628763137385249E-003,-1.496721408329904E-003,
2.477500000000000E+009,-1.266945898532867E-001,-1.198466941714287E-001,-3.718185005709529E-003,-1.362219452857971E-003,
2.477666666666667E+009,-1.267351806163788E-001,-1.183888241648674E-001,-3.844080492854118E-003,-1.217019977048039E-003,
2.477833333333334E+009,-1.269686967134476E-001,-1.167678758502007E-001,-3.905701683834195E-003,-8.509102626703680E-004,
2.478000000000000E+009,-1.272152066230774E-001,-1.153381168842316E-001,-3.834038274362683E-003,-7.898288895376027E-004,
2.478166666666667E+009,-1.274726092815399E-001,-1.136781275272369E-001,-3.978902008384466E-003,-6.740875542163849E-004,
2.478333333333334E+009,-1.276290714740753E-001,-1.116751506924629E-001,-3.863084362819791E-003,-3.062266914639622E-004,
2.478500000000000E+009,-1.283183544874191E-001,-1.099715232849121E-001,-3.935899585485458E-003,-1.513163733761758E-004,
2.478666666666667E+009,-1.284765452146530E-001,-1.082920208573341E-001,-3.951563034206629E-003,1.474740129197016E-004,
2.478833333333334E+009,-1.292256116867065E-001,-1.064346581697464E-001,-3.966653719544411E-003,2.626403584145010E-004,
2.479000000000000E+009,-1.298294216394424E-001,-1.047942563891411E-001,-3.984121605753899E-003,5.983438459224999E-004,
2.479166666666667E+009,-1.303957551717758E-001,-1.030085086822510E-001,-3.842236939817667E-003,5.695109139196575E-004,
2.479333333333334E+009,-1.312185078859329E-001,-1.010278835892677E-001,-3.911301959306002E-003,7.749820942990482E-004,
2.479500000000000E+009,-1.320939809083939E-001,-9.943518787622452E-002,-3.882730379700661E-003,8.450226159766316E-004,
2.479666666666667E+009,-1.331295967102051E-001,-9.776169806718826E-002,-3.746270434930921E-003,1.124103320762515E-003,
2.479833333333334E+009,-1.341181248426437E-001,-9.605507552623749E-002,-3.654955653473735E-003,1.328807789832354E-003,
2.480000000000000E+009,-1.351699978113174E-001,-9.457044303417206E-002,-3.556696930900216E-003,1.469534821808338E-003,
2.480166666666667E+009,-1.362696290016174E-001,-9.280626475811005E-002,-3.560798708349466E-003,1.632281579077244E-003,
2.480333333333334E+009,-1.374777704477310E-001,-9.138044714927673E-002,-3.318373113870621E-003,1.781597617082298E-003,
2.480500000000000E+009,-1.387071907520294E-001,-9.007241576910019E-002,-3.253557486459613E-003,1.954028615728021E-003,
2.480666666666667E+009,-1.398209631443024E-001,-8.873652666807175E-002,-3.116980893537402E-003,2.048430731520057E-003,
2.480833333333334E+009,-1.412855833768845E-001,-8.716692775487900E-002,-2.897623926401138E-003,1.968781696632505E-003,
2.481000000000000E+009,-1.424397975206375E-001,-8.585013449192047E-002,-2.749565523117781E-003,2.277439692988992E-003,
2.481166666666667E+009,-1.441496163606644E-001,-8.472770452499390E-002,-2.647960558533669E-003,2.412252360954881E-003,
2.481333333333334E+009,-1.454279571771622E-001,-8.368933200836182E-002,-2.584870904684067E-003,2.336341189220548E-003,
2.481500000000000E+009,-1.468816697597504E-001,-8.286976814270020E-002,-2.518172143027186E-003,2.528225071728230E-003,
2.481666666666667E+009,-1.481944471597672E-001,-8.179487287998200E-002,-2.418549498543143E-003,2.692912938073278E-003,
2.481833333333334E+009,-1.495712548494339E-001,-8.092103898525238E-002,-2.084796782582998E-003,2.817797241732478E-003,
2.482000000000000E+009,-1.511647850275040E-001,-8.009253442287445E-002,-2.139255171641707E-003,2.738929819315672E-003,
2.482166666666667E+009,-1.524811685085297E-001,-7.940040528774262E-002,-1.928652403876185E-003,2.950645983219147E-003,
2.482333333333334E+009,-1.537713259458542E-001,-7.876227051019669E-002,-1.767731737345457E-003,2.934765070676804E-003,
2.482500000000000E+009,-1.548846215009689E-001,-7.812731713056564E-002,-1.616563997231424E-003,3.046602942049503E-003,
2.482666666666667E+009,-1.562978327274323E-001,-7.761634886264801E-002,-1.422015368007124E-003,2.896701917052269E-003,
2.482833333333334E+009,-1.573300659656525E-001,-7.710035890340805E-002,-1.344067743048072E-003,3.046534722670913E-003,
2.483000000000000E+009,-1.585301905870438E-001,-7.660889625549316E-002,-1.159836770966649E-003,3.169242059811950E-003,
2.483166666666667E+009,-1.594561189413071E-001,-7.625321298837662E-002,-1.061739283613861E-003,3.093957435339689E-003,
2.483333333333334E+009,-1.604751348495483E-001,-7.583261281251907E-002,-9.913084795698524E-004,3.119326895102859E-003,
2.483500000000000E+009,-1.613795459270477E-001,-7.561416923999786E-002,-7.323679164983332E-004,3.112923819571734E-003,
2.483666666666667E+009,-1.621844917535782E-001,-7.509513199329376E-002,-6.487008067779243E-004,3.009667620062828E-003,
2.483833333333334E+009,-1.629457771778107E-001,-7.481954246759415E-002,-5.339145427569747E-004,3.284933511167765E-003,
2.484000000000000E+009,-1.634440571069717E-001,-7.439021021127701E-002,-3.855666727758944E-004,3.124651964753866E-003,
2.484166666666667E+009,-1.640431582927704E-001,-7.403785735368729E-002,-4.908244955004193E-005,3.034029388800263E-003,
2.484333333333334E+009,-1.645564287900925E-001,-7.389440387487412E-002,8.190418884623796E-005,3.013506997376680E-003,
2.484500000000000E+009,-1.648564636707306E-001,-7.338408380746841E-002,1.155550053226762E-004,2.900139195844531E-003,
2.484666666666667E+009,-1.652430742979050E-001,-7.300088554620743E-002,3.042039461433888E-004,2.849280135706067E-003,
2.484833333333334E+009,-1.654163300991058E-001,-7.244601100683212E-002,2.982474979944527E-004,2.704499522224069E-003,
2.485000000000000E+009,-1.656007319688797E-001,-7.195095717906952E-002,4.161740944255143E-004,2.853376790881157E-003,
2.485166666666667E+009,-1.655892431735992E-001,-7.139845937490463E-002,6.493606488220394E-004,2.600876847282052E-003,
2.485333333333334E+009,-1.656208485364914E-001,-7.071054726839066E-002,6.335348589345813E-004,2.612987766042352E-003,
2.485500000000000E+009,-1.655828207731247E-001,-6.987558305263519E-002,6.845946190878749E-004,2.382334321737289E-003,
2.485666666666667E+009,-1.653263866901398E-001,-6.915537267923355E-002,8.874376653693616E-004,2.331976545974612E-003,
2.485833333333334E+009,-1.652590781450272E-001,-6.846151500940323E-002,9.014276438392699E-004,2.182922791689634E-003,
2.486000000000000E+009,-1.649603545665741E-001,-6.749017536640167E-002,1.008062623441219E-003,1.869528903625906E-003,
2.486166666666667E+009,-1.645814925432205E-001,-6.648026406764984E-002,9.468160569667816E-004,2.100720303133130E-003,
2.486333333333334E+009,-1.642491668462753E-001,-6.526581943035126E-002,1.100799534469843E-003,2.018416766077280E-003,
2.486500000000000E+009,-1.642673462629318E-001,-6.400312483310700E-002,1.170302159152925E-003,1.817975891754031E-003,
2.486666666666667E+009,-1.637217700481415E-001,-6.279880553483963E-002,1.250208704732359E-003,1.841778284870088E-003,
2.486833333333334E+009,-1.634252369403839E-001,-6.128146499395371E-002,1.089313765987754E-003,1.680589746683836E-003,
2.487000000000000E+009,-1.631090342998505E-001,-6.003342568874359E-002,1.215132069773972E-003,1.660825102590025E-003,
2.487166666666667E+009,-1.626814007759094E-001,-5.855586752295494E-002,1.300394069403410E-003,1.500171143561602E-003,
2.487333333333334E+009,-1.624068915843964E-001,-5.700704827904701E-002,1.360834226943553E-003,1.536575029604137E-003,
2.487500000000000E+009,-1.620246917009354E-001,-5.523867532610893E-002,1.352672348730266E-003,1.414134632796049E-003,
2.487666666666667E+009,-1.618446856737137E-001,-5.321571230888367E-002,1.360039343126118E-003,1.200934755615890E-003,
2.487833333333334E+009,-1.614797860383987E-001,-5.149311944842339E-002,1.565096783451736E-003,1.142759458161891E-003,
2.488000000000000E+009,-1.612862199544907E-001,-4.944517835974693E-002,1.390400924719870E-003,1.120829139836133E-003,
2.488166666666667E+009,-1.611004322767258E-001,-4.732465371489525E-002,1.413869555108249E-003,8.512915228493512E-004,
2.488333333333334E+009,-1.610130369663239E-001,-4.547766968607903E-002,1.538867247290909E-003,8.465806022286415E-004,
2.488500000000000E+009,-1.609895080327988E-001,-4.332192987203598E-002,1.696111750788987E-003,6.887952913530171E-004,
2.488666666666667E+009,-1.609382629394531E-001,-4.109172523021698E-002,1.612963271327317E-003,7.673276704736054E-004,
2.488833333333334E+009,-1.610384285449982E-001,-3.891019150614739E-002,1.414109137840569E-003,6.623807130381465E-004,
2.489000000000000E+009,-1.610969454050064E-001,-3.677139803767204E-002,1.457849983125925E-003,5.363102536648512E-004,
2.489166666666667E+009,-1.612519621849060E-001,-3.458044677972794E-002,1.359121757559478E-003,3.446046321187168E-004,
2.489333333333334E+009,-1.617680937051773E-001,-3.231929987668991E-002,1.106153009459376E-003,1.925911637954414E-004,
2.489500000000000E+009,-1.618880778551102E-001,-3.023725375533104E-002,1.232814625836909E-003,8.112285286188126E-005,
2.489666666666667E+009,-1.624457240104675E-001,-2.801137603819370E-002,1.108782133087516E-003,1.447744143661112E-004,
2.489833333333334E+009,-1.629682630300522E-001,-2.575502544641495E-002,1.251672510989010E-003,-1.548106520203874E-004,
2.490000000000000E+009,-1.637203544378281E-001,-2.362715080380440E-002,1.011141343042254E-003,-2.491421946615446E-005,
2.490166666666667E+009,-1.641391813755035E-001,-2.137779444456101E-002,8.984744781628251E-004,-1.967415846593212E-005,
2.490333333333334E+009,-1.649778932332993E-001,-1.945391483604908E-002,7.981922826729715E-004,-8.860590605763719E-005,
2.490500000000000E+009,-1.654304563999176E-001,-1.725290715694428E-002,5.806508124805987E-004,-1.815939322113991E-004,
2.490666666666667E+009,-1.664834022521973E-001,-1.516456808894873E-002,7.490549469366670E-004,-2.359787322347984E-004,
2.490833333333334E+009,-1.671459227800369E-001,-1.332587096840143E-002,5.588358035311103E-004,-8.419622463406995E-005,
2.491000000000000E+009,-1.680165529251099E-001,-1.141566317528486E-002,3.647869452834129E-004,-1.264180609723553E-004,
2.491166666666667E+009,-1.687931269407272E-001,-9.676541201770306E-003,4.763697506859899E-004,-2.030093164648861E-004,
2.491333333333334E+009,-1.698043495416641E-001,-7.692977320402861E-003,3.391964128240943E-004,-1.272676599910483E-004,
2.491500000000000E+009,-1.707223653793335E-001,-6.332583259791136E-003,2.726207021623850E-004,-2.061689883703366E-004,
2.491666666666667E+009,-1.717135906219482E-001,-4.809968639165163E-003,1.884503872133791E-004,-6.511294486699626E-005,
2.491833333333334E+009,-1.726665347814560E-001,-3.215780016034842E-003,1.122017856687307E-004,-6.434114038711414E-005,
2.492000000000000E+009,-1.735101342201233E-001,-1.961020287126303E-003,8.513063221471384E-006,1.355786516796798E-004,
2.492166666666667E+009,-1.744326353073120E-001,-6.696834461763501E-004,-8.794503082754090E-005,1.415022561559454E-004,
2.492333333333334E+009,-1.754695326089859E-001,4.917771439068019E-004,-5.242497536528390E-006,2.080912381643429E-004,
2.492500000000000E+009,-1.760638356208801E-001,1.742236781865358E-003,-7.442168134730309E-005,2.286005037603900E-004,
2.492666666666667E+009,-1.767571121454239E-001,2.842234214767814E-003,-1.126303250202909E-004,2.402803656877950E-004,
2.492833333333334E+009,-1.773776262998581E-001,3.929238766431809E-003,-5.648181468131952E-005,3.155656741000712E-004,
2.493000000000000E+009,-1.782006174325943E-001,4.554292652755976E-003,-2.212490653619170E-004,4.849037795793265E-004,
2.493166666666667E+009,-1.786668151617050E-001,5.447399336844683E-003,-1.943348324857652E-004,5.860193632543087E-004,
2.493333333333334E+009,-1.792510151863098E-001,6.010745652019978E-003,-1.833110145526007E-004,5.623035249300301E-004,
2.493500000000000E+009,-1.795151084661484E-001,6.892927456647158E-003,-7.732593803666532E-005,6.237463676370680E-004,
2.493666666666667E+009,-1.800441890954971E-001,7.645019795745611E-003,-1.304893667111173E-004,6.723946426063776E-004,
2.493833333333334E+009,-1.802262663841248E-001,8.187432773411274E-003,-2.131344372173771E-004,9.086796198971570E-004,
2.494000000000000E+009,-1.803378313779831E-001,8.820664137601852E-003,-1.103971371776424E-004,8.871388272382319E-004,
2.494166666666667E+009,-1.802608966827393E-001,9.477271698415279E-003,-3.627185287768953E-005,9.155794978141785E-004,
2.494333333333334E+009,-1.801814585924149E-001,9.796349331736565E-003,-8.434819756075740E-005,1.074227853678167E-003,
2.494500000000000E+009,-1.802026331424713E-001,1.059649419039488E-002,-3.934844426112250E-005,1.139163272455335E-003,
2.494666666666667E+009,-1.797912567853928E-001,1.121224649250507E-002,1.850010594353080E-004,1.174739212729037E-003,
2.494833333333334E+009,-1.794624030590057E-001,1.155504025518894E-002,2.427264262223616E-004,1.127404510043562E-003,
2.495000000000000E+009,-1.790701895952225E-001,1.220335345715284E-002,3.095123975072056E-004,1.236261450685561E-003,
2.495166666666667E+009,-1.784009337425232E-001,1.282499730587006E-002,1.744772744132206E-004,1.239174744114280E-003,
2.495333333333334E+009,-1.778991222381592E-001,1.353026647120714E-002,2.549384662415832E-004,1.305558602325618E-003,
2.495500000000000E+009,-1.771468222141266E-001,1.427846308797598E-002,4.148423322476447E-004,1.349877100437880E-003,
2.495666666666667E+009,-1.764440089464188E-001,1.502782572060823E-002,5.034125642850995E-004,1.397109124809504E-003,
2.495833333333334E+009,-1.754624694585800E-001,1.573307439684868E-002,6.230243016034365E-004,1.271425397135317E-003,
2.496000000000000E+009,-1.744162589311600E-001,1.662724092602730E-002,6.823058938607574E-004,1.202014740556479E-003,
2.496166666666667E+009,-1.737034171819687E-001,1.769004762172699E-002,6.951433024369180E-004,1.249282388016582E-003,
2.496333333333334E+009,-1.726511716842651E-001,1.866234280169010E-002,8.735895971767604E-004,1.230225898325443E-003,
2.496500000000000E+009,-1.714825332164764E-001,1.996623538434506E-002,9.936813730746508E-004,1.393625629134476E-003,
2.496666666666667E+009,-1.703291237354279E-001,2.100332453846932E-002,1.091280370019376E-003,1.308546750806272E-003,
2.496833333333334E+009,-1.691430658102036E-001,2.242990769445896E-002,1.153120072558522E-003,1.227434957399964E-003,
2.497000000000000E+009,-1.679070740938187E-001,2.381110005080700E-002,1.025303383357823E-003,1.240479876287282E-003,
2.497166666666667E+009,-1.669608503580093E-001,2.506881020963192E-002,1.143934787251055E-003,1.094861188903451E-003,
2.497333333333334E+009,-1.656349897384644E-001,2.656550705432892E-002,1.215022057294846E-003,1.283425954170525E-003,
2.497500000000000E+009,-1.645593941211700E-001,2.826280705630779E-002,1.258942298591137E-003,1.289949868805707E-003,
2.497666666666667E+009,-1.631826460361481E-001,3.005387634038925E-002,1.349486177787185E-003,1.301394542679191E-003,
2.497833333333334E+009,-1.623041927814484E-001,3.192230314016342E-002,1.440793392248452E-003,1.065094256773591E-003,
2.498000000000000E+009,-1.610527634620667E-001,3.381686657667160E-002,1.471003517508507E-003,1.108574215322733E-003,
2.498166666666667E+009,-1.598765403032303E-001,3.581468388438225E-002,1.500618993304670E-003,1.003527082502842E-003,
2.498333333333334E+009,-1.588224768638611E-001,3.785377368330956E-002,1.598218805156648E-003,9.665379766374826E-004,
2.498500000000000E+009,-1.579565703868866E-001,4.017310589551926E-002,1.697555999271572E-003,9.335989598184824E-004,
2.498666666666667E+009,-1.569634526968002E-001,4.217611998319626E-002,1.682965084910393E-003,9.169590193778276E-004,
2.498833333333334E+009,-1.561993658542633E-001,4.428289830684662E-002,1.695452956482768E-003,8.391509763896465E-004,
2.499000000000000E+009,-1.552268713712692E-001,4.678966477513313E-002,1.870097243227065E-003,8.444116683676839E-004,
2.499166666666667E+009,-1.545078307390213E-001,4.900016263127327E-002,1.878960873000324E-003,6.866264156997204E-004,
2.499333333333334E+009,-1.537817269563675E-001,5.135209485888481E-002,1.890540937893093E-003,8.188760839402676E-004,
2.499500000000000E+009,-1.531502008438110E-001,5.378612503409386E-002,1.901588053442538E-003,7.691485807299614E-004,
2.499666666666667E+009,-1.529209911823273E-001,5.615480989217758E-002,2.059827325865626E-003,6.759445532225072E-004,
2.499833333333334E+009,-1.526324450969696E-001,5.845481902360916E-002,2.021890133619309E-003,6.495323614217341E-004,
